timestamp,accel_x,accel_y,accel_z,gyro_x,gyro_y,gyro_z,label
0.00000,-1.50000,4.00000,9.60000,0.10000,-0.10000,0.00000,normal
0.02000,-0.54330,3.18660,9.01443,0.16471,0.08824,0.10000,normal
0.04000,-0.60515,3.31031,9.03505,0.10588,0.06863,0.10000,normal
0.06000,-0.66701,3.43402,9.05567,0.04706,0.04902,0.10000,normal
0.08000,-0.72887,3.55773,9.07629,-0.01176,0.02941,0.10000,normal
0.10000,-0.79072,3.68144,9.09691,-0.07059,0.00980,0.10000,normal
0.12000,-0.52903,3.41290,9.58710,0.18621,0.29310,0.00000,normal
0.14000,-0.74409,3.43441,9.56559,0.14023,0.27011,0.00000,normal
0.16000,-0.95914,3.45591,9.54409,0.09425,0.24713,0.00000,normal
0.18000,-1.17419,3.47742,9.52258,0.04828,0.22414,0.00000,normal
0.20000,-1.38925,3.49892,9.50108,0.00230,0.20115,0.00000,normal
0.22000,-1.30000,3.65579,8.09368,-0.42523,0.42523,0.33784,normal
0.24000,-1.30000,3.59263,7.79895,-0.46126,0.46126,0.39189,normal
0.26000,-1.30000,3.52947,7.50421,-0.49730,0.49730,0.44595,normal
0.28000,-1.30000,3.46632,7.20947,-0.53333,0.53333,0.50000,normal
0.30000,-1.30000,3.40316,6.91474,-0.56937,0.56937,0.55405,normal
0.32000,-3.18804,3.10109,6.63261,-0.96667,0.81111,0.82222,normal
0.34000,-3.16630,2.55761,6.32826,-2.40132,1.01447,1.48684,normal
0.36000,-3.14457,2.01413,6.02391,-2.58553,1.04079,1.64474,normal
0.38000,-3.12283,1.47065,5.71957,-2.76974,1.06711,1.80263,normal
0.40000,-3.10109,0.92717,5.41522,-2.95395,1.09342,1.96053,normal
0.42000,-3.38421,0.37895,7.31579,-2.38602,1.63226,2.48925,normal
0.44000,-3.76316,0.48421,7.73684,-2.55806,1.69677,2.46774,normal
0.46000,-4.14211,0.58947,8.15789,-2.73011,1.76129,2.44624,normal
0.48000,-4.52105,0.69474,8.57895,-2.90215,1.82581,2.42473,normal
0.50000,-4.90000,0.80000,9.00000,-3.07419,1.89032,2.40323,normal
0.52000,-6.21739,-0.54348,6.33913,-3.56887,1.92075,2.51038,normal
0.54000,-6.41304,-0.78261,6.40435,-3.51226,1.95849,2.52925,normal
0.56000,-6.60870,-1.02174,6.46957,-3.45566,1.99623,2.54811,normal
0.58000,-6.80435,-1.26087,6.53478,-3.39906,2.03396,2.56698,normal
0.60000,-7.00000,-1.50000,6.60000,-3.34245,2.07170,2.58585,normal
0.62000,-7.74651,-2.17209,5.69535,-3.15714,2.02857,2.60000,normal
0.64000,-7.97907,-2.03256,5.67209,-2.36939,1.94592,2.80000,normal
0.66000,-8.21163,-1.89302,5.64884,-2.32857,2.00714,2.80000,normal
0.68000,-8.44419,-1.75349,5.62558,-2.28776,2.06837,2.80000,normal
0.70000,-8.67674,-1.61395,5.60233,-2.24694,2.12959,2.80000,normal
0.72000,-10.78571,-2.91429,5.42857,-2.20612,2.19082,2.80000,normal
0.74000,-10.56757,-2.66757,5.24865,-1.85833,1.81667,2.65833,normal
0.76000,-10.37838,-2.47838,5.03243,-1.75357,1.70000,2.48393,normal
0.78000,-10.18919,-2.28919,4.81622,-1.68214,1.70000,2.30536,normal
0.80000,-10.00000,-2.10000,4.60000,-1.61071,1.70000,2.12679,normal
0.82000,-10.46250,-3.29375,3.70625,-1.44194,1.47419,1.36774,normal
0.84000,-10.54583,-3.41875,3.58125,-1.24839,1.38817,1.26022,normal
0.86000,-10.62917,-3.54375,3.45625,-1.05484,1.30215,1.15269,normal
0.88000,-10.71250,-3.66875,3.33125,-0.86129,1.21613,1.04516,normal
0.90000,-10.79583,-3.79375,3.20625,-0.66774,1.13011,0.93763,normal
0.92000,-10.00426,-2.07021,3.62979,-0.01649,0.88351,0.07526,normal
0.94000,-10.15319,-2.02766,3.67234,-0.05773,0.84227,0.01340,normal
0.96000,-10.30213,-1.98511,3.71489,-0.09897,0.80103,-0.04845,normal
0.98000,-10.45106,-1.94255,3.75745,-0.14021,0.75979,-0.11031,normal
1.00000,-10.60000,-1.90000,3.80000,-0.18144,0.71856,-0.17216,normal
1.02000,-10.21000,-1.42000,3.87000,-0.21980,0.00000,-0.40000,normal
1.04000,-10.01000,-1.46444,3.58111,-0.29901,0.00000,-0.40000,normal
1.06000,-9.81000,-1.50889,3.29222,-0.37822,0.00000,-0.40000,normal
1.08000,-9.61000,-1.55333,3.00333,-0.45743,0.00000,-0.40000,normal
1.10000,-9.41000,-1.59778,2.71444,-0.53663,0.00000,-0.40000,normal
1.12000,-10.28519,-2.70741,2.60617,-0.60000,0.10000,-0.28000,normal
1.14000,-9.98889,-2.85556,2.72963,-0.35429,0.00000,-0.09429,normal
1.16000,-9.69259,-3.00370,2.85309,-0.12571,0.00000,-0.06571,normal
1.18000,-9.39630,-3.15185,2.97654,0.10286,0.00000,-0.03714,normal
1.20000,-9.10000,-3.30000,3.10000,0.33143,0.00000,-0.00857,normal
1.22000,-9.12418,-2.37582,2.81538,1.20000,-0.02022,0.00000,normal
1.24000,-9.16813,-2.33187,2.66154,1.20000,-0.06517,0.00000,normal
1.26000,-9.21209,-2.28791,2.50769,1.20000,-0.11011,0.00000,normal
1.28000,-9.25604,-2.24396,2.35385,1.20000,-0.15506,0.00000,normal
1.30000,-9.30000,-2.20000,2.20000,1.20000,-0.20000,0.00000,normal
1.32000,-10.48454,-1.83093,2.33814,0.67209,-0.60000,-0.20930,normal
1.34000,-10.46392,-1.87216,2.25567,0.53256,-0.60000,-0.25581,normal
1.36000,-10.44330,-1.91340,2.17320,0.39302,-0.60000,-0.30233,normal
1.38000,-10.42268,-1.95464,2.09072,0.25349,-0.60000,-0.34884,normal
1.40000,-10.40206,-1.99588,2.00825,0.11395,-0.60000,-0.39535,normal
1.42000,-10.36737,-1.34000,1.74105,-0.65285,-0.70000,-0.77886,normal
1.44000,-10.00947,-0.94000,1.80421,-0.73415,-0.70000,-0.74634,normal
1.46000,-9.65158,-0.54000,1.86737,-0.81545,-0.70000,-0.71382,normal
1.48000,-9.29368,-0.14000,1.93053,-0.89675,-0.70000,-0.68130,normal
1.50000,-8.93579,0.26000,1.99368,-0.97805,-0.70000,-0.64878,normal
1.52000,-7.50000,-1.00000,2.30000,-1.05935,-0.70000,-0.61626,normal
1.54000,-7.90476,-1.28571,2.13333,-1.51667,-0.61667,-0.60000,normal
1.56000,-8.30952,-1.57143,1.96667,-1.95484,-0.35161,-0.27581,normal
1.58000,-8.71429,-1.85714,1.80000,-1.76129,-0.28710,-0.24355,normal
1.60000,-9.11905,-2.14286,1.63333,-1.56774,-0.22258,-0.21129,normal
1.62000,-9.88222,-1.00889,1.81778,0.11573,0.00000,-0.19213,normal
1.64000,-9.83778,-1.03111,1.86222,0.16067,0.00000,-0.16966,normal
1.66000,-9.79333,-1.05333,1.90667,0.20562,0.00000,-0.14719,normal
1.68000,-9.74889,-1.07556,1.95111,0.25056,0.00000,-0.12472,normal
1.70000,-9.70444,-1.09778,1.99556,0.29551,0.00000,-0.10225,normal
1.72000,-8.74062,-1.00000,1.07813,0.09565,0.52609,0.26087,normal
1.74000,-8.80312,-1.00000,0.89063,-0.16522,0.59130,0.41304,normal
1.76000,-8.86562,-1.00000,0.70312,-0.42609,0.65652,0.56522,normal
1.78000,-8.92812,-1.00000,0.51562,-0.68696,0.72174,0.71739,normal
1.80000,-8.99062,-1.00000,0.32812,-0.94783,0.78696,0.86957,normal
1.82000,-7.95882,-6.27647,3.82353,-1.44000,0.62000,1.45333,normal
1.84000,-7.72353,-5.90392,3.52941,-1.26857,0.67714,1.32000,normal
1.86000,-7.48824,-5.53137,3.23529,-1.09714,0.73429,1.18667,normal
1.88000,-7.25294,-5.15882,2.94118,-0.92571,0.79143,1.05333,normal
1.90000,-7.01765,-4.78627,2.64706,-0.75429,0.84857,0.92000,normal
1.92000,-10.62529,-7.05517,4.07701,-0.46000,0.94000,0.74000,normal
1.94000,-10.32644,-7.67586,3.98506,0.97662,0.56494,-0.17013,normal
1.96000,-10.02759,-8.29655,3.89310,0.92468,0.48701,-0.32597,normal
1.98000,-9.72874,-8.91724,3.80115,0.87273,0.40909,-0.48182,normal
2.00000,-9.42989,-9.53793,3.70920,0.82078,0.33117,-0.63766,normal
2.02000,-10.63805,-7.24425,3.71858,1.58814,-0.61186,-1.71780,normal
2.04000,-10.46106,-7.08496,3.77168,1.55424,-0.64576,-1.76864,normal
2.06000,-10.28407,-6.92566,3.82478,1.52034,-0.67966,-1.81949,normal
2.08000,-10.10708,-6.76637,3.87788,1.48644,-0.71356,-1.87034,normal
2.10000,-9.93009,-6.60708,3.93097,1.45254,-0.74746,-1.92119,normal
2.12000,-9.75310,-6.44779,3.98407,1.41864,-0.78136,-1.97203,normal
2.14000,-10.25294,-5.72353,2.97647,1.30375,-1.10375,-2.30000,normal
2.16000,-10.01765,-5.34118,2.85882,1.32875,-1.12875,-2.30000,normal
2.18000,-9.78235,-4.95882,2.74118,1.35375,-1.15375,-2.30000,normal
2.20000,-9.54706,-4.57647,2.62353,1.37875,-1.17875,-2.30000,normal
2.22000,-9.07412,-3.59176,1.79176,1.20000,-1.40000,-2.20000,normal
2.24000,-9.28588,-3.56824,1.76824,0.70000,-1.07273,-1.50455,normal
2.26000,-9.49765,-3.54471,1.74471,0.70000,-1.01212,-1.29242,normal
2.28000,-9.70941,-3.52118,1.72118,0.70000,-0.95152,-1.08030,normal
2.30000,-10.00000,-3.20000,1.80000,0.75556,-0.97778,-0.63333,normal
2.32000,-8.18020,0.55446,0.49802,0.53229,-0.87292,-0.35938,normal
2.34000,-7.80396,1.08911,0.26040,0.42813,-0.83125,-0.29688,normal
2.36000,-7.42772,1.62376,0.02277,0.32396,-0.78958,-0.23438,normal
2.38000,-7.05149,2.15842,-0.21485,0.21979,-0.74792,-0.17188,normal
2.40000,-6.67525,2.69307,-0.45248,0.11563,-0.70625,-0.10938,normal
2.42000,-6.71237,0.60928,1.78660,-0.30000,0.74623,1.62642,normal
2.44000,-7.82577,0.44433,1.58041,-0.30000,0.87830,1.70189,normal
2.46000,-8.93918,0.27938,1.37423,-0.30000,1.01038,1.77736,normal
2.48000,-10.05258,0.11443,1.16804,-0.30000,1.14245,1.85283,normal
2.50000,-11.16598,-0.05052,0.96186,-0.30000,1.27453,1.92830,normal
2.52000,-10.10879,0.40000,1.82198,-0.03333,1.33333,2.30000,normal
2.54000,-10.35055,0.40000,1.42637,0.30000,1.51648,2.76703,normal
2.56000,-10.59231,0.40000,1.03077,0.30000,1.53846,2.72308,normal
2.58000,-10.83407,0.40000,0.63516,0.30000,1.56044,2.67912,normal
2.60000,-11.07582,0.40000,0.23956,0.30000,1.58242,2.63516,normal
2.62000,-11.57000,-0.74000,1.28000,-0.40000,1.60000,2.20000,normal
2.64000,-11.68608,-1.01519,2.06582,-1.18293,1.80000,1.87927,normal
2.66000,-11.78734,-1.26835,2.49620,-1.28049,1.80000,1.85488,normal
2.68000,-11.88861,-1.52152,2.92658,-1.37805,1.80000,1.83049,normal
2.70000,-11.98987,-1.77468,3.35696,-1.47561,1.80000,1.80610,normal
2.72000,-12.95165,-5.27143,4.17802,-2.51910,1.57978,1.98989,normal
2.74000,-12.62198,-4.98571,4.57363,-2.33933,1.53483,1.96742,normal
2.76000,-12.29231,-4.70000,4.96923,-2.15955,1.48989,1.94494,normal
2.78000,-11.96264,-4.41429,5.36484,-1.97978,1.44494,1.92247,normal
2.80000,-11.63297,-4.12857,5.76044,-1.80000,1.40000,1.90000,normal
2.82000,-13.24149,-6.01383,5.94468,-0.37143,1.00000,0.77143,normal
2.84000,-13.30532,-6.03511,5.85957,-0.32747,1.00000,0.72747,normal
2.86000,-13.36915,-6.05638,5.77447,-0.28352,1.00000,0.68352,normal
2.88000,-13.43298,-6.07766,5.68936,-0.23956,1.00000,0.63956,normal
2.90000,-13.49681,-6.09894,5.60426,-0.13333,0.06667,0.06667,normal
2.92000,-12.53333,-5.11667,5.08333,0.61887,-0.83774,-1.24717,normal
2.94000,-12.57500,-4.88750,5.06250,0.65660,-0.91321,-1.34151,normal
2.96000,-12.61667,-4.65833,5.04167,0.69434,-0.98868,-1.43585,normal
2.98000,-12.65833,-4.42917,5.02083,0.73208,-1.06415,-1.53019,normal
3.00000,-12.70000,-4.20000,5.00000,0.76981,-1.13962,-1.62453,normal
3.02000,-14.36364,-3.50909,2.82727,1.35000,-1.85000,-2.45000,normal
3.04000,-14.30769,-3.33077,2.58462,1.70769,-2.42308,-2.70000,normal
3.06000,-14.20513,-3.25385,2.45641,1.73846,-2.51538,-2.70000,normal
3.08000,-14.10256,-3.17692,2.32821,1.76923,-2.60769,-2.70000,normal
3.10000,-14.00000,-3.10000,2.20000,1.80000,-2.70000,-2.70000,normal
3.12000,-11.51398,-1.17204,1.40000,1.18085,-3.00000,-3.00957,normal
3.14000,-11.53548,-1.12903,1.40000,1.13830,-3.00000,-3.03085,normal
3.16000,-11.55699,-1.08602,1.40000,1.09574,-3.00000,-3.05213,normal
3.18000,-11.57849,-1.04301,1.40000,1.05319,-3.00000,-3.07340,normal
3.20000,-11.60000,-1.00000,1.40000,1.01064,-3.00000,-3.09468,normal
3.22000,-9.86966,-1.90000,-0.05955,0.20000,-2.38182,-2.57273,normal
3.24000,-9.80225,-1.90000,0.03034,0.20000,-2.33636,-2.50455,normal
3.26000,-9.73483,-1.90000,0.12022,0.20000,-2.29091,-2.43636,normal
3.28000,-9.66742,-1.90000,0.21011,0.20000,-2.24545,-2.36818,normal
3.30000,-9.60000,-1.90000,0.30000,0.20000,-2.20000,-2.30000,normal
3.32000,-7.02353,-0.44118,0.11176,-0.80968,-0.97097,-1.18065,normal
3.34000,-7.05714,-0.35714,0.12857,-0.84194,-0.87419,-1.11613,normal
3.36000,-7.09076,-0.27311,0.14538,-0.87419,-0.77742,-1.05161,normal
3.38000,-7.12437,-0.18908,0.16218,-0.90645,-0.68065,-0.98710,normal
3.40000,-7.15798,-0.10504,0.17899,-0.93871,-0.58387,-0.92258,normal
3.42000,-7.19160,-0.02101,0.19580,-0.97097,-0.48710,-0.85806,normal
3.44000,-7.50000,-1.06000,1.02000,-1.20000,0.20000,-0.13333,normal
3.46000,-7.81034,-1.25517,2.90230,-0.59125,1.70500,1.60875,normal
3.48000,-7.94828,-1.32414,3.15517,-0.41625,1.80500,1.78375,normal
3.50000,-8.08621,-1.39310,3.40805,-0.24125,1.90500,1.95875,normal
3.52000,-8.22414,-1.46207,3.66092,-0.06625,2.00500,2.13375,normal
3.54000,-9.47500,0.07500,4.45000,0.41667,2.18333,2.41667,normal
3.56000,-10.64211,2.38947,2.51053,0.33704,2.82593,3.21852,normal
3.58000,-10.43158,2.77544,2.12456,-0.58889,2.67778,3.25556,normal
3.60000,-10.22105,3.16140,1.73860,-1.51481,2.52963,3.29259,fall
3.62000,-11.15306,0.38571,1.16122,-3.24021,2.45979,3.40000,fall
3.64000,-11.35714,0.10000,1.24286,-3.30206,2.39794,3.40000,fall
3.66000,-11.56122,-0.18571,1.32449,-3.36392,2.33608,3.40000,fall
3.68000,-11.76531,-0.47143,1.40612,-3.42577,2.27423,3.40000,fall
3.70000,-11.96939,-0.75714,1.48776,-3.48763,2.21237,3.40000,fall
3.72000,-14.37778,-4.02222,2.58889,-2.90000,1.40000,3.08990,fall
3.74000,-14.53333,-4.06667,2.56667,-2.90000,1.40000,3.06970,fall
3.76000,-14.68889,-4.11111,2.54444,-2.90000,1.40000,3.04949,fall
3.78000,-14.84444,-4.15556,2.52222,-2.90000,1.40000,3.02929,fall
3.80000,-15.00000,-4.20000,2.50000,-2.90000,1.40000,3.00909,fall
3.82000,-12.14118,-4.73529,3.32353,-2.45455,1.25455,2.57273,fall
3.84000,-11.90588,-4.87647,3.41765,-1.13333,1.08333,1.93333,fall
3.86000,-11.67059,-5.01765,3.51176,-1.02222,1.05556,1.82222,fall
3.88000,-11.43529,-5.15882,3.60588,-0.91111,1.02778,1.71111,fall
3.90000,-11.20000,-5.30000,3.70000,-0.80000,1.00000,1.60000,fall
3.92000,-15.59588,-5.91134,3.81443,0.83900,0.38300,-0.07800,fall
3.94000,-15.01856,-5.49897,3.83505,0.89900,0.20300,-0.19800,fall
3.96000,-14.44124,-5.08660,3.85567,0.95900,0.02300,-0.31800,fall
3.98000,-13.86392,-4.67423,3.87629,1.01900,-0.15700,-0.43800,fall
4.00000,-13.28660,-4.26186,3.89691,1.07900,-0.33700,-0.55800,fall
4.02000,-11.33261,-2.49783,3.80217,0.60000,-1.40920,-3.01379,fall
4.04000,-11.39783,-2.69348,3.60652,0.60000,-1.45517,-3.08276,fall
4.06000,-11.46304,-2.88913,3.41087,0.60000,-1.50115,-3.15172,fall
4.08000,-11.52826,-3.08478,3.21522,0.60000,-1.54713,-3.22069,fall
4.10000,-11.59348,-3.28043,3.01957,0.60000,-1.59310,-3.28966,fall
4.12000,-12.54124,-0.50206,2.08866,2.25514,-2.51121,-3.50000,fall
4.14000,-12.25258,-0.68763,2.06804,2.10561,-2.54860,-3.50000,fall
4.16000,-11.96392,-0.87320,2.04742,1.95607,-2.58598,-3.50000,fall
4.18000,-11.67526,-1.05876,2.02680,1.80654,-2.62336,-3.50000,fall
4.20000,-11.38660,-1.24433,2.00619,1.65701,-2.66075,-3.50000,fall
4.22000,-12.35000,-3.35000,0.10000,1.50748,-2.69813,-3.50000,fall
4.24000,-12.53049,-3.51585,-0.26220,1.90303,-2.30303,-2.99394,fall
4.26000,-12.45732,-3.63780,-0.43293,1.93333,-2.33333,-2.93333,fall
4.28000,-12.38415,-3.75976,-0.60366,1.96364,-2.36364,-2.87273,fall
4.30000,-12.31098,-3.88171,-0.77439,1.99394,-2.39394,-2.81212,fall
4.32000,-10.84444,-7.61111,-2.78889,1.49770,-1.49770,-2.70000,fall
4.34000,-10.33333,-7.83333,-2.76667,1.47471,-1.47471,-2.70000,fall
4.36000,-9.82222,-8.05556,-2.74444,1.45172,-1.45172,-2.70000,fall
4.38000,-9.31111,-8.27778,-2.72222,1.42874,-1.42874,-2.70000,fall
4.40000,-8.80000,-8.50000,-2.70000,1.40575,-1.40575,-2.70000,fall
4.42000,-12.91011,-1.78764,3.73483,3.49011,0.68681,-4.11648,fall
4.44000,-12.93258,-1.31573,4.70112,3.42418,0.59890,-4.22637,fall
4.46000,-12.95506,-0.84382,5.66742,3.35824,0.51099,-4.33626,fall
4.48000,-12.97753,-0.37191,6.63371,3.29231,0.42308,-4.44615,fall
4.50000,-13.00000,0.10000,7.60000,3.22637,0.33516,-4.55604,fall
4.52000,2.17742,31.75591,8.82473,1.90000,-3.90000,-1.40000,fall
4.54000,3.14516,30.12151,8.71720,1.80123,-3.67778,-0.75802,fall
4.56000,4.11290,28.48710,8.60968,1.70247,-3.45556,-0.11605,fall
4.58000,5.08065,26.85269,8.50215,1.60370,-3.23333,0.52593,fall
4.60000,8.90000,20.35000,7.08333,1.50494,-3.01111,1.16790,fall
4.62000,-3.07500,-32.62917,10.51250,0.80000,-0.20000,7.20000,fall
4.64000,-4.57500,-34.21250,9.76250,3.38788,-0.69091,3.98182,fall
4.66000,-6.07500,-35.79583,9.01250,3.26667,-0.60000,3.80000,fall
4.68000,-7.57500,-37.37917,8.26250,3.14545,-0.50909,3.61818,fall
4.70000,-9.07500,-38.96250,7.51250,3.02424,-0.41818,3.43636,fall
4.72000,2.90000,-6.06667,-3.27778,-1.58864,-0.44091,-5.88068,fall
4.74000,0.10000,-3.20000,-2.23333,-1.27045,0.01364,-5.53977,fall
4.76000,-2.70000,-0.33333,-1.18889,-0.95227,0.46818,-5.19886,fall
4.78000,-5.50000,2.53333,-0.14444,-0.63409,0.92273,-4.85795,fall
4.80000,-8.30000,5.40000,0.90000,-0.31591,1.37727,-4.51705,fall
4.82000,10.87835,31.01753,-5.42680,0.26869,1.29091,2.58081,fall
4.84000,10.38351,28.27526,-3.46804,-0.25657,1.65455,2.90404,fall
4.86000,9.88866,25.53299,-1.50928,-0.78182,2.01818,3.22727,fall
4.88000,9.39381,22.79072,0.44948,-1.30707,2.38182,3.55051,fall
4.90000,8.89897,20.04845,2.40825,-1.83232,2.74545,3.87374,fall
4.92000,0.63750,-7.13977,32.24773,1.20000,1.80000,2.10000,fall
4.94000,1.38750,-6.11705,31.02045,0.87500,1.27500,1.77500,fall
4.96000,2.13750,-5.09432,29.79318,0.55000,0.75000,1.45000,fall
4.98000,2.88750,-4.07159,28.56591,0.22500,0.22500,1.12500,fall
5.00000,12.55000,-2.65000,17.70000,-0.10000,-0.30000,0.80000,fall
5.02000,15.03871,-14.86022,-13.02258,0.55455,3.75455,-0.24545,fall
5.04000,12.52258,-18.94624,-14.05484,1.69091,5.39091,-0.85909,fall
5.06000,10.00645,-23.03226,-15.08710,2.82727,7.02727,-1.47273,fall
5.08000,7.49032,-27.11828,-16.11935,3.96364,8.66364,-2.08636,fall
5.10000,-16.80000,-28.85000,8.45000,5.10000,10.30000,-2.70000,fall
5.12000,-26.71613,3.81613,-2.73441,-5.00000,-1.84149,-3.86596,fall
5.14000,-21.16774,6.26774,-2.49785,-5.00000,-1.26702,-3.56809,fall
5.16000,-15.61935,8.71935,-2.26129,-5.00000,-0.69255,-3.27021,fall
5.18000,-10.07097,11.17097,-2.02473,-5.00000,-0.11809,-2.97234,fall
5.20000,-5.20000,-1.85000,-0.80000,-5.00000,0.45638,-2.67447,fall
5.22000,20.32340,15.05106,-0.97447,-1.48462,1.37692,-0.26154,fall
5.24000,16.64255,14.83830,-1.08085,-2.19615,1.56923,0.33462,fall
5.26000,12.96170,14.62553,-1.18723,-2.90769,1.76154,0.93077,fall
5.28000,9.28085,14.41277,-1.29362,-3.61923,1.95385,1.52692,fall
5.30000,5.60000,14.20000,-1.40000,-4.33077,2.14615,2.12308,fall
5.32000,1.61807,2.09157,8.35904,-3.36667,0.60000,-0.16667,fall
5.34000,3.20843,8.54940,7.15422,-2.51364,-0.37273,-3.59545,fall
5.36000,4.79880,15.00723,5.94940,-3.27121,-0.85758,-2.89848,fall
5.38000,6.38916,21.46506,4.74458,-4.02879,-1.34242,-2.20152,fall
5.40000,12.50000,-1.10000,-2.90000,-4.78636,-1.82727,-1.50455,fall
5.42000,-4.18791,-18.32637,1.26374,2.40000,-0.26809,-0.11064,fall
5.44000,-4.16593,-14.91978,-0.80220,2.40000,-0.20426,-0.13191,fall
5.46000,-4.14396,-11.51319,-2.86813,2.40000,-0.14043,-0.15319,fall
5.48000,-4.12198,-8.10659,-4.93407,2.40000,-0.07660,-0.17447,fall
5.50000,-4.10000,-4.70000,-7.00000,2.40000,-0.01277,-0.19574,fall
5.52000,5.06989,-10.29140,5.30645,1.64045,-0.08989,-0.12022,fall
5.54000,5.02688,-8.85054,3.88710,1.73034,-0.06742,-0.16517,fall
5.56000,4.98387,-7.40968,2.46774,1.82022,-0.04494,-0.21011,fall
5.58000,4.94086,-5.96882,1.04839,1.91011,-0.02247,-0.25506,fall
5.60000,2.40000,-2.55000,2.00000,2.00000,0.00000,-0.30000,fall
5.62000,0.43978,-5.97204,9.88280,1.55294,0.27647,0.60000,fall
5.64000,0.35376,-4.78925,9.00108,1.07556,0.30000,0.58222,fall
5.66000,0.26774,-3.60645,8.11935,0.92000,0.30000,0.56000,fall
5.68000,0.18172,-2.42366,7.23763,0.76444,0.30000,0.53778,fall
5.70000,-0.40000,-1.85000,4.25000,0.60889,0.30000,0.51556,fall
5.72000,0.00000,-10.70000,5.70000,-0.71818,0.01818,0.29091,fall
5.74000,-0.12658,-9.81392,5.52278,-0.40400,-0.18400,-0.01600,fall
5.76000,-0.25316,-8.92785,5.34557,-0.24400,-0.15733,-0.04267,fall
5.78000,-0.37975,-8.04177,5.16835,-0.08400,-0.13067,-0.06933,fall
5.80000,-0.40000,-6.92000,4.82000,0.07600,-0.10400,-0.09600,fall
5.82000,2.51209,-8.27253,6.71209,0.10769,-0.19231,-0.58462,fall
5.84000,2.53407,-8.40440,6.73407,0.12967,-0.17033,-0.54066,fall
5.86000,2.55604,-8.53626,6.75604,0.15165,-0.14835,-0.49670,fall
5.88000,2.57802,-8.66813,6.77802,0.17363,-0.12637,-0.45275,fall
5.90000,2.60000,-8.80000,6.80000,0.19560,-0.10440,-0.40879,fall
5.92000,1.12222,-6.86667,7.47778,-0.31609,0.20000,0.20805,fall
5.94000,0.96667,-6.80000,7.23333,-0.36207,0.20000,0.23103,fall
5.96000,0.81111,-6.73333,6.98889,-0.40805,0.20000,0.25402,fall
5.98000,0.65556,-6.66667,6.74444,-0.45402,0.20000,0.27701,fall
6.00000,0.50000,-6.60000,6.50000,-0.50000,0.20000,0.30000,fall
6.02000,0.05652,-7.48587,3.87065,-0.23868,-0.01226,-0.01226,fall
6.04000,0.14348,-7.46413,3.97935,-0.14434,-0.03113,-0.03113,fall
6.06000,0.23043,-7.44239,4.08804,-0.05000,-0.05000,-0.05000,fall
6.08000,0.31739,-7.42065,4.19674,0.04434,-0.06887,-0.06887,fall
6.10000,0.46667,-7.41667,4.63333,0.13868,-0.08774,-0.08774,fall
6.12000,1.69500,-6.80750,7.79625,0.75000,-0.10000,-0.15000,fall
6.14000,1.59500,-6.95750,7.72125,0.38824,0.01176,-0.08824,fall
6.16000,1.49500,-7.10750,7.64625,0.35882,0.04118,-0.05882,fall
6.18000,1.39500,-7.25750,7.57125,0.32941,0.07059,-0.02941,fall
6.20000,1.40000,-7.35000,7.75000,0.30000,0.10000,0.00000,fall
6.22000,0.68478,-6.71522,6.87826,-0.20833,0.10000,0.09167,fall
6.24000,0.66304,-6.73696,6.70435,-0.23214,0.10000,0.06786,fall
6.26000,0.64130,-6.75870,6.53043,-0.25595,0.10000,0.04405,fall
6.28000,0.61957,-6.78043,6.35652,-0.27976,0.10000,0.02024,fall
6.30000,0.60000,-6.80000,6.10000,-0.10000,0.00000,0.00000,fall
6.32000,0.60000,-7.11146,6.10625,0.00000,0.00000,0.00000,fall
6.34000,0.60000,-7.00729,6.23125,0.00000,0.00000,0.00000,fall
6.36000,0.60000,-6.90312,6.35625,0.00000,0.00000,0.00000,fall
6.38000,0.60000,-6.79896,6.48125,0.00000,0.00000,0.00000,fall
6.40000,0.70000,-7.00000,6.20000,0.00000,0.00000,0.00000,fall
6.42000,0.88495,-7.11505,6.91505,0.09355,0.00000,0.00000,fall
6.44000,0.86344,-7.13656,6.93656,0.07204,0.00000,0.00000,fall
6.46000,0.84194,-7.15806,6.95806,0.05054,0.00000,0.00000,fall
6.48000,0.82043,-7.17957,6.97957,0.02903,0.00000,0.00000,fall
6.50000,1.20000,-7.30000,6.90000,0.00753,0.00000,0.00000,fall
6.52000,0.89186,-7.02442,7.33256,0.03529,0.00000,0.00000,fall
6.54000,0.86860,-7.09419,7.42558,0.08706,0.00000,0.00000,fall
6.56000,0.84535,-7.16395,7.51860,0.06353,0.00000,0.00000,fall
6.58000,0.82209,-7.23372,7.61163,0.04000,0.00000,0.00000,fall
6.60000,0.80000,-7.15000,7.45000,0.01647,0.00000,0.00000,normal
6.62000,0.60000,-7.00000,6.50000,-0.10000,0.00000,0.00000,normal
6.64000,0.60000,-6.97468,6.44937,0.02125,0.00000,0.00000,normal
6.66000,0.60000,-6.94937,6.39873,0.04625,0.00000,0.00000,normal
6.68000,0.60000,-6.92405,6.34810,0.07125,0.00000,0.00000,normal
6.70000,0.60000,-6.70000,6.30000,0.09625,0.00000,0.00000,normal
6.72000,0.88842,-7.25368,6.53474,0.11053,0.00000,0.00000,normal
6.74000,0.86737,-7.16947,6.59789,0.13158,0.00000,0.00000,normal
6.76000,0.84632,-7.08526,6.66105,0.15263,0.00000,0.00000,normal
6.78000,0.82526,-7.00105,6.72421,0.17368,0.00000,0.00000,normal
6.80000,0.80421,-6.91684,6.78737,0.19474,0.00000,0.00000,normal
6.82000,0.95109,-7.19022,7.04130,-0.09151,0.00000,0.09151,normal
6.84000,0.84239,-7.16848,6.91087,-0.07264,0.00000,0.07264,normal
6.86000,0.73370,-7.14674,6.78043,-0.05377,0.00000,0.05377,normal
6.88000,0.62500,-7.12500,6.65000,-0.03491,0.00000,0.03491,normal
6.90000,0.51630,-7.10326,6.51957,-0.01604,0.00000,0.01604,normal
6.92000,0.75000,-6.95000,6.90000,0.00000,0.00000,0.00000,normal
6.94000,0.77750,-7.10000,6.65500,-0.09844,0.00000,0.00000,normal
6.96000,0.75250,-7.10000,6.60500,-0.06719,0.00000,0.00000,normal
6.98000,0.72750,-7.10000,6.55500,-0.03594,0.00000,0.00000,normal
7.00000,0.70250,-7.10000,6.50500,-0.00469,0.00000,0.00000,normal
7.02000,0.80000,-7.00000,6.71209,0.00000,0.00000,0.00000,normal
7.04000,0.80000,-7.00000,6.73407,0.00000,0.00000,0.00000,normal
7.06000,0.80000,-7.00000,6.75604,0.00000,0.00000,0.00000,normal
7.08000,0.80000,-7.00000,6.77802,0.00000,0.00000,0.00000,normal
7.10000,0.80000,-7.00000,6.80000,0.00000,0.00000,0.00000,normal
7.12000,0.71505,-7.10000,6.64516,0.00000,0.00000,0.00000,normal
7.14000,0.73656,-7.10000,6.70968,0.00000,0.00000,0.00000,normal
7.16000,0.75806,-7.10000,6.77419,0.00000,0.00000,0.00000,normal
7.18000,0.77957,-7.10000,6.83871,0.00000,0.00000,0.00000,normal
7.20000,0.80000,-7.10000,7.00000,0.00000,0.00000,0.00000,normal
7.22000,0.53191,-6.74787,6.76809,-0.00233,0.00000,0.00000,normal
7.24000,0.57447,-6.81170,6.72553,-0.02558,0.00000,0.00000,normal
7.26000,0.61702,-6.87553,6.68298,-0.04884,0.00000,0.00000,normal
7.28000,0.65957,-6.93936,6.64043,-0.07209,0.00000,0.00000,normal
7.30000,0.75000,-7.05000,6.65000,-0.09535,0.00000,0.00000,normal
7.32000,0.88404,-6.90000,7.13617,0.09634,0.00000,0.00000,normal
7.34000,0.86277,-6.90000,7.05106,0.07195,0.00000,0.00000,normal
7.36000,0.84149,-6.90000,6.96596,0.04756,0.00000,0.00000,normal
7.38000,0.82021,-6.90000,6.88085,0.02317,0.00000,0.00000,normal
7.40000,0.70000,-7.20000,6.50000,0.00000,0.00000,0.00000,normal
7.42000,0.70000,-6.91563,7.05313,-0.01584,0.00000,0.00000,normal
7.44000,0.70000,-6.93646,6.99062,-0.03564,0.00000,0.00000,normal
7.46000,0.70000,-6.95729,6.92813,-0.05545,0.00000,0.00000,normal
7.48000,0.70000,-6.97813,6.86562,-0.07525,0.00000,0.00000,normal
7.50000,0.70000,-6.99896,6.80313,-0.09505,0.00000,0.00000,normal
7.52000,0.70918,-7.00000,6.90000,-0.09417,0.00000,0.00000,normal
7.54000,0.72959,-7.00000,6.90000,-0.07476,0.00000,0.00000,normal
7.56000,0.75000,-7.00000,6.90000,-0.05534,0.00000,0.00000,normal
7.58000,0.77041,-7.00000,6.90000,-0.03592,0.00000,0.00000,normal
7.60000,0.79082,-7.00000,6.90000,-0.01650,0.00000,0.00000,normal
7.62000,0.89091,-7.00000,6.89091,0.00000,0.00000,0.00000,normal
7.64000,0.93289,-6.97763,6.95526,0.00000,0.00000,0.00000,normal
7.66000,0.85395,-6.95132,6.90263,0.00000,0.00000,0.00000,normal
7.68000,0.77500,-6.92500,6.85000,0.00000,0.00000,0.00000,normal
7.70000,0.60000,-6.85000,6.80000,0.00000,0.00000,0.00000,normal
7.72000,0.58495,-7.01505,6.60000,0.00000,0.00000,0.00000,normal
7.74000,0.56344,-7.03656,6.60000,0.00000,0.00000,0.00000,normal
7.76000,0.54194,-7.05806,6.60000,0.00000,0.00000,0.00000,normal
7.78000,0.52043,-7.07957,6.60000,0.00000,0.00000,0.00000,normal
7.80000,0.80000,-7.10000,7.10000,0.00000,0.00000,0.00000,normal
7.82000,0.60000,-7.00000,6.77632,-0.00603,0.00000,0.00000,normal
7.84000,0.60000,-7.00000,6.72368,-0.02328,0.00000,0.00000,normal
7.86000,0.60000,-7.00000,6.67105,-0.04052,0.00000,0.00000,normal
7.88000,0.60000,-7.00000,6.61842,-0.05776,0.00000,0.00000,normal
7.90000,0.60000,-7.00000,6.56579,-0.07500,0.00000,0.00000,normal
7.92000,0.60000,-7.00000,6.51316,-0.09224,0.00000,0.00000,normal
7.94000,0.88056,-6.90000,6.82917,-0.00714,0.00000,0.00000,normal
7.96000,0.82500,-6.90000,6.91250,-0.03095,0.00000,0.00000,normal
7.98000,0.76944,-6.90000,6.99583,-0.05476,0.00000,0.00000,normal
8.00000,0.71389,-6.90000,7.07917,-0.07857,0.00000,0.00000,normal
8.02000,0.68333,-7.00000,6.95000,-0.10000,0.00000,0.00000,normal
8.04000,0.70000,-6.92192,7.01233,-0.00357,0.00000,0.00000,normal
8.06000,0.70000,-6.94932,6.90274,-0.03929,0.00000,0.00000,normal
8.08000,0.70000,-6.97671,6.79315,-0.07500,0.00000,0.00000,normal
8.10000,0.60198,-7.19406,6.41188,0.09714,0.00000,0.00000,normal
8.12000,0.62178,-7.13465,6.53069,0.07810,0.00000,0.00000,normal
8.14000,0.64158,-7.07525,6.64950,0.05905,0.00000,0.00000,normal
8.16000,0.66139,-7.01584,6.76832,0.04000,0.00000,0.00000,normal
8.18000,0.68119,-6.95644,6.88713,0.02095,0.00000,0.00000,normal
8.20000,0.70000,-6.70000,7.10000,0.00190,0.00000,0.00000,normal
8.22000,0.70000,-6.98247,6.73505,0.00000,0.00000,0.00000,normal
8.24000,0.70000,-6.96186,6.77629,0.00000,0.00000,0.00000,normal
8.26000,0.70000,-6.94124,6.81753,0.00000,0.00000,0.00000,normal
8.28000,0.70000,-6.92062,6.85876,0.00000,0.00000,0.00000,normal
8.30000,0.70000,-6.90000,6.90000,0.00000,0.00000,0.00000,normal
8.32000,0.60000,-7.08404,6.83191,0.00000,0.00000,0.00000,normal
8.34000,0.60000,-7.06277,6.87447,0.00000,0.00000,0.00000,normal
8.36000,0.60000,-7.04149,6.91702,0.00000,0.00000,0.00000,normal
8.38000,0.60000,-7.02021,6.95957,0.00000,0.00000,0.00000,normal
8.40000,0.70000,-6.90000,6.90000,0.00000,0.00000,0.00000,normal
8.42000,0.60920,-6.98161,6.72759,0.00000,0.00000,0.00000,normal
8.44000,0.63218,-6.93563,6.79655,0.00000,0.00000,0.00000,normal
8.46000,0.65517,-6.88966,6.86552,0.00000,0.00000,0.00000,normal
8.48000,0.67816,-6.84368,6.93448,0.00000,0.00000,0.00000,normal
8.50000,0.70000,-6.90000,7.00000,0.00000,0.00000,0.00000,normal
8.52000,0.68864,-6.90000,6.78864,-0.07955,0.00000,0.00000,normal
8.54000,0.66591,-6.90000,6.76591,-0.03409,0.00000,0.00000,normal
8.56000,0.64318,-6.90000,6.74318,0.01136,0.00000,0.00000,normal
8.58000,0.62045,-6.90000,6.72045,0.05682,0.00000,0.00000,normal
8.60000,0.60000,-7.00000,6.90000,0.00000,0.00000,0.00000,normal
8.62000,0.68229,-7.01771,6.82917,-0.08333,0.00000,0.00000,normal
8.64000,0.66146,-7.03854,6.74583,-0.06250,0.00000,0.00000,normal
8.66000,0.64062,-7.05938,6.66250,-0.04167,0.00000,0.00000,normal
8.68000,0.61979,-7.08021,6.57917,-0.02083,0.00000,0.00000,normal
8.70000,0.65000,-7.10000,6.70000,0.00000,0.00000,0.00000,normal
8.72000,0.70000,-6.83404,6.96596,0.00000,0.00000,0.00000,normal
8.74000,0.70000,-6.87660,6.92340,0.00000,0.00000,0.00000,normal
8.76000,0.70000,-6.91915,6.88085,0.00000,0.00000,0.00000,normal
8.78000,0.70000,-6.96170,6.83830,0.00000,0.00000,0.00000,normal
8.80000,0.70000,-7.08462,6.89231,0.00000,0.00000,0.00000,normal
8.82000,0.68372,-6.90814,6.79186,0.00000,0.00000,0.00000,normal
8.84000,0.63721,-6.93140,6.76860,0.00000,0.00000,0.00000,normal
8.86000,0.59070,-6.95465,6.74535,0.00000,0.00000,0.00000,normal
8.88000,0.54419,-6.97791,6.72209,0.00000,0.00000,0.00000,normal
8.90000,0.70000,-7.00000,6.60000,0.00000,0.00000,0.00000,normal
8.92000,0.60000,-7.00000,6.81771,0.00000,0.00000,0.00000,normal
8.94000,0.60000,-7.00000,6.83854,0.00000,0.00000,0.00000,normal
8.96000,0.60000,-7.00000,6.85938,0.00000,0.00000,0.00000,normal
8.98000,0.60000,-7.00000,6.88021,0.00000,0.00000,0.00000,normal
9.00000,0.60000,-6.90000,6.90000,0.00000,0.00000,0.00000,normal
9.02000,0.60000,-7.01600,6.86800,-0.10000,0.00000,0.00000,normal
9.04000,0.60000,-7.03600,6.82800,-0.10000,0.00000,0.00000,normal
9.06000,0.60000,-7.05600,6.78800,-0.10000,0.00000,0.00000,normal
9.08000,0.60000,-7.07600,6.74800,-0.10000,0.00000,0.00000,normal
9.10000,0.60000,-7.09600,6.70800,-0.10000,0.00000,0.00000,normal
9.12000,0.51236,-7.00000,6.61236,0.00000,0.00000,0.00000,normal
9.14000,0.53483,-7.00000,6.63483,0.00000,0.00000,0.00000,normal
9.16000,0.55730,-7.00000,6.65730,0.00000,0.00000,0.00000,normal
9.18000,0.57978,-7.00000,6.67978,0.00000,0.00000,0.00000,normal
9.20000,0.60000,-7.04000,6.68000,0.00000,0.00000,0.00000,normal
9.22000,0.61034,-7.07931,6.70000,0.10000,0.00000,0.00000,normal
9.24000,0.63333,-7.03333,6.70000,0.07711,0.00000,0.00000,normal
9.26000,0.65632,-6.98736,6.70000,0.05301,0.00000,0.00000,normal
9.28000,0.67931,-6.94138,6.70000,0.02892,0.00000,0.00000,normal
9.30000,0.66000,-6.98000,6.70000,0.00482,0.00000,0.00000,normal
9.32000,0.60000,-6.91429,7.02857,0.00000,0.00000,0.00000,normal
9.34000,0.60000,-6.93626,6.91868,0.00000,0.00000,0.00000,normal
9.36000,0.60000,-6.95824,6.80879,0.00000,0.00000,0.00000,normal
9.38000,0.60000,-6.98022,6.69890,0.00000,0.00000,0.00000,normal
9.40000,0.60000,-7.00000,6.80000,0.00000,0.00000,0.00000,normal
9.42000,0.60000,-7.00000,6.78229,0.00000,0.00000,0.00000,normal
9.44000,0.60000,-7.00000,6.76146,0.00000,0.00000,0.00000,normal
9.46000,0.60000,-7.00000,6.74062,0.00000,0.00000,0.00000,normal
9.48000,0.60000,-7.00000,6.71979,0.00000,0.00000,0.00000,normal
9.50000,0.60000,-7.00000,6.60000,0.00000,0.00000,0.00000,normal
9.52000,0.60000,-7.00000,6.83404,0.00000,0.00000,0.00000,normal
9.54000,0.60000,-7.00000,6.87660,0.00000,0.00000,0.00000,normal
9.56000,0.60000,-7.00000,6.91915,0.00000,0.00000,0.00000,normal
9.58000,0.60000,-7.00000,6.96170,0.00000,0.00000,0.00000,normal
9.60000,0.60000,-7.00000,6.90000,0.00000,0.00000,0.00000,normal
9.62000,0.50000,-7.00000,6.71011,0.00000,0.00000,0.00000,normal
9.64000,0.50000,-7.00000,6.73258,0.00000,0.00000,0.00000,normal
9.66000,0.50000,-7.00000,6.75506,0.00000,0.00000,0.00000,normal
9.68000,0.50000,-7.00000,6.77753,0.00000,0.00000,0.00000,normal
9.70000,0.50000,-7.00000,6.80000,0.00000,0.00000,0.00000,normal
9.72000,0.68421,-6.98421,6.78421,0.00000,0.00000,0.00000,normal
9.74000,0.66316,-6.96316,6.76316,0.00000,0.00000,0.00000,normal
9.76000,0.64211,-6.94211,6.74211,0.00000,0.00000,0.00000,normal
9.78000,0.62105,-6.92105,6.72105,0.00000,0.00000,0.00000,normal
9.80000,0.60000,-6.90000,6.70000,0.00000,0.00000,0.00000,normal
9.82000,0.60000,-7.06842,6.80000,0.00000,0.00000,0.00000,normal
9.84000,0.60000,-7.02632,6.80000,0.00000,0.00000,0.00000,normal
9.86000,0.60000,-6.98421,6.80000,0.00000,0.00000,0.00000,normal
9.88000,0.60000,-6.94211,6.80000,0.00000,0.00000,0.00000,normal
9.90000,0.60000,-6.90000,6.80000,0.00000,0.00000,0.00000,normal
9.92000,0.60000,-7.01579,6.75263,-0.05000,0.00000,0.00000,normal
9.94000,0.60000,-7.03684,6.68947,-0.07683,0.00000,0.00000,normal
9.96000,0.60000,-7.05789,6.62632,-0.05244,0.00000,0.00000,normal
9.98000,0.60000,-7.07895,6.56316,-0.02805,0.00000,0.00000,normal
10.00000,0.60000,-7.10000,6.50000,-0.00366,0.00000,0.00000,normal
10.02000,0.60000,-7.01485,6.84059,0.00000,0.00000,0.00000,normal
10.04000,0.60000,-7.03465,6.76139,0.00000,0.00000,0.00000,normal
10.06000,0.60000,-7.05446,6.68218,0.00000,0.00000,0.00000,normal
10.08000,0.60000,-7.07426,6.60297,0.00000,0.00000,0.00000,normal
10.10000,0.60000,-7.09406,6.52376,0.00000,0.00000,0.00000,normal
10.12000,0.68989,-8.10000,6.11011,0.31765,0.01176,-0.09412,normal
10.14000,0.66742,-8.10000,6.13258,0.38824,0.05882,-0.07059,normal
10.16000,0.64494,-8.10000,6.15506,0.45882,0.10588,-0.04706,normal
10.18000,0.62247,-8.10000,6.17753,0.52941,0.15294,-0.02353,normal
10.20000,0.60000,-8.10000,6.20000,0.60000,0.20000,0.00000,normal
10.22000,0.94737,-11.55263,7.56842,1.93077,-0.07692,0.30769,normal
10.24000,1.01053,-9.88947,7.52632,2.00769,-0.01923,0.32692,normal
10.26000,1.07368,-8.22632,7.48421,2.08462,0.03846,0.34615,normal
10.28000,1.13684,-6.56316,7.44211,2.16154,0.09615,0.36538,normal
10.30000,1.20000,-4.90000,7.40000,2.23846,0.15385,0.38462,normal
10.32000,0.95930,-1.88488,8.21047,0.88000,0.10000,0.09000,normal
10.34000,0.84302,-2.69884,7.95465,-0.24648,0.08451,0.01549,normal
10.36000,0.72674,-3.51279,7.69884,-0.33099,0.05634,0.04366,normal
10.38000,0.61047,-4.32674,7.44302,-0.41549,0.02817,0.07183,normal
10.40000,0.90000,-6.10000,6.25000,-0.50000,0.00000,0.10000,normal
10.42000,0.05000,-5.25000,9.03333,0.38283,0.16566,0.08283,normal
10.44000,0.11250,-4.93750,9.32500,0.36263,0.12525,0.06263,normal
10.46000,0.17500,-4.62500,9.61667,0.34242,0.08485,0.04242,normal
10.48000,0.23750,-4.31250,9.90833,0.32222,0.04444,0.02222,normal
10.50000,0.30000,-4.00000,10.20000,0.30202,0.00404,0.00202,normal
10.52000,-0.08830,-5.38936,7.14681,0.03103,-0.10000,0.00000,normal
10.54000,0.06064,-4.70851,7.74255,0.10000,-0.10000,0.00000,normal
10.56000,0.20957,-4.02766,8.33830,0.16897,-0.10000,0.00000,normal
10.58000,0.35851,-3.34681,8.93404,0.23793,-0.10000,0.00000,normal
10.60000,0.45000,-4.30000,10.05000,-0.30000,-0.16667,-0.06667,normal
10.62000,0.41089,-7.24059,5.75050,-0.28148,-0.28519,-0.11481,normal
10.64000,0.54950,-6.66634,6.93861,-0.13333,-0.26667,-0.13333,normal
10.66000,0.68812,-6.09208,8.12673,0.01481,-0.24815,-0.15185,normal
10.68000,0.82673,-5.51782,9.31485,0.16296,-0.22963,-0.17037,normal
10.70000,0.96535,-4.94356,10.50297,0.31111,-0.21111,-0.18889,normal
10.72000,1.27037,-4.30370,6.27407,-0.40000,-0.23333,-0.10000,normal
10.74000,0.97407,-5.34074,7.01481,-0.36111,-0.28056,-0.06111,normal
10.76000,0.67778,-6.37778,7.75556,-0.30556,-0.25278,-0.00556,normal
10.78000,0.38148,-7.41481,8.49630,-0.25000,-0.22500,0.05000,normal
10.80000,-0.05000,-7.40000,9.25000,0.20000,0.00000,0.03333,normal
10.82000,1.53333,-2.63333,6.73333,0.26279,-0.08140,-0.29070,normal
10.84000,1.45000,-2.80000,6.65000,0.16977,-0.03488,-0.26744,normal
10.86000,1.36667,-2.96667,6.56667,0.07674,0.01163,-0.24419,normal
10.88000,1.28333,-3.13333,6.48333,-0.01628,0.05814,-0.22093,normal
10.90000,1.20000,-3.30000,6.40000,-0.25000,0.02500,0.05000,normal
10.92000,-2.28333,-7.60000,10.65000,1.11170,0.78830,1.16489,normal
10.94000,-1.63750,-7.97500,11.33750,1.13298,0.76702,1.10106,normal
10.96000,-0.99167,-8.35000,12.02500,1.15426,0.74574,1.03723,normal
10.98000,-0.34583,-8.72500,12.71250,1.17553,0.72447,0.97340,normal
11.00000,0.30000,-9.10000,13.40000,1.19681,0.70319,0.90957,normal
11.02000,11.37802,-8.14066,18.75934,2.06604,0.38585,-0.63491,normal
11.04000,11.88352,-7.30549,17.59451,2.36792,0.17830,-0.88019,normal
11.06000,12.38901,-6.47033,16.42967,2.66981,-0.02925,-1.12547,normal
11.08000,12.89451,-5.63516,15.26484,2.97170,-0.23679,-1.37075,normal
11.10000,13.40000,-4.80000,14.10000,3.27358,-0.44434,-1.61604,normal
11.12000,7.60000,-0.50000,-6.20000,2.58750,-1.85000,-2.77500,normal
11.14000,5.30000,-1.65000,-4.12500,1.50000,-0.76970,-1.86364,normal
11.16000,3.00000,-2.80000,-2.05000,1.50000,-0.61818,-1.68182,normal
11.18000,0.70000,-3.95000,0.02500,1.50000,-0.46667,-1.50000,normal
11.20000,-1.60000,-5.10000,2.10000,1.50000,-0.31515,-1.31818,normal
11.22000,-15.46087,-4.43913,1.10000,1.24353,2.19647,0.27176,normal
11.24000,-14.39565,-2.50435,1.10000,1.10235,1.93765,0.20118,normal
11.26000,-13.33043,-0.56957,1.10000,0.96118,1.67882,0.13059,normal
11.28000,-12.26522,1.36522,1.10000,0.82000,1.42000,0.06000,normal
11.30000,-11.20000,3.30000,1.10000,1.82500,0.60000,-0.30000,normal
11.32000,-11.32979,17.39362,35.84681,-1.78211,-5.59579,-0.08421,normal
11.34000,-7.11702,14.01064,31.65532,-1.63474,-5.09053,-0.18947,normal
11.36000,-2.90426,10.62766,27.46383,-1.48737,-4.58526,-0.29474,normal
11.38000,1.30851,7.24468,23.27234,-1.34000,-4.08000,-0.40000,normal
11.40000,11.43333,1.86667,7.63333,-0.20000,-2.36667,-0.53333,normal
11.42000,-3.76129,3.86129,16.96774,2.04444,0.55741,-0.47407,normal
11.44000,-3.30968,5.40968,16.92473,1.82222,0.35370,-0.43704,normal
11.46000,-2.85806,6.95806,16.88172,1.60000,0.15000,-0.40000,normal
11.48000,-2.40645,8.50645,16.83871,1.37778,-0.05370,-0.36296,normal
11.50000,-0.65455,7.66364,14.36364,1.15556,-0.25741,-0.32593,normal
11.52000,1.70000,1.70000,8.30000,0.58462,-0.35385,-0.34615,normal
11.54000,1.34179,2.29701,8.98657,1.40000,0.66129,-0.28710,normal
11.56000,0.98358,2.89403,9.67313,1.40000,0.56452,-0.25484,normal
11.58000,0.62537,3.49104,10.35970,1.40000,0.46774,-0.22258,normal
11.60000,-1.18931,3.16565,9.67634,-1.60000,0.10000,-0.20000,normal
11.62000,-0.74656,3.02824,9.98168,-1.49231,0.13077,-0.21538,normal
11.64000,-0.30382,2.89084,10.28702,-1.38462,0.16154,-0.23077,normal
11.66000,0.13893,2.75344,10.59237,-1.27692,0.19231,-0.24615,normal
11.68000,0.58168,2.61603,10.89771,-1.16923,0.22308,-0.26154,normal
11.70000,1.02443,2.47863,11.20305,-1.06154,0.25385,-0.27692,normal
11.72000,1.46718,2.34122,11.50840,-0.95385,0.28462,-0.29231,normal
11.74000,3.35538,4.23231,7.35538,0.19155,-1.27887,0.28732,normal
11.76000,3.63231,3.89385,7.63231,0.13521,-1.13803,0.20282,normal
11.78000,3.90923,3.55538,7.90923,0.07887,-0.99718,0.11831,normal
11.80000,4.18615,3.21692,8.18615,0.02254,-0.85634,0.03380,normal
11.82000,1.78764,2.62360,9.01236,0.40000,1.20674,0.50000,normal
11.84000,1.76517,2.84831,9.03483,0.40000,1.27416,0.50000,normal
11.86000,1.74270,3.07303,9.05730,0.40000,1.34157,0.50000,normal
11.88000,1.72022,3.29775,9.07978,0.40000,1.40899,0.50000,normal
11.90000,1.74615,3.59231,8.96154,0.40000,1.47640,0.50000,normal
11.92000,-1.08202,2.10225,9.69438,-0.30230,0.39310,-0.09770,normal
11.94000,-0.74494,2.39438,9.96404,-0.32529,0.32414,-0.07471,normal
11.96000,-0.40787,2.68652,10.23371,-0.34828,0.25517,-0.05172,normal
11.98000,-0.07079,2.97865,10.50337,-0.37126,0.18621,-0.02874,normal
12.00000,0.26629,3.27079,10.77303,-0.39425,0.11724,-0.00575,normal
12.02000,6.21685,-1.56629,8.93034,-0.48000,-1.37000,-0.35500,normal
12.04000,5.58764,-0.82472,8.99775,-0.40000,-1.25000,-0.17500,normal
12.06000,4.95843,-0.08315,9.06517,-0.32000,-1.13000,0.00500,normal
12.08000,4.32921,0.65843,9.13258,-0.24000,-1.01000,0.18500,normal
12.10000,3.70000,1.40000,9.20000,-0.16000,-0.89000,0.36500,normal
12.12000,1.70000,1.86667,9.36667,-0.10000,-0.20000,0.00000,normal
12.14000,1.52597,1.89351,9.25065,0.10000,-0.11463,0.10000,normal
12.16000,1.44805,2.41299,9.19870,0.10000,-0.13902,0.10000,normal
12.18000,1.37013,2.93247,9.14675,0.10000,-0.16341,0.10000,normal
12.20000,0.83333,2.60000,9.16667,0.10000,-0.18780,0.10000,normal
12.22000,3.49775,2.57303,8.98090,-0.09647,0.21412,-0.29294,normal
12.24000,3.16067,2.52809,9.11573,-0.07294,0.30824,-0.24588,normal
12.26000,2.82360,2.48315,9.25056,-0.04941,0.40235,-0.19882,normal
12.28000,2.48652,2.43820,9.38539,-0.02588,0.49647,-0.15176,normal
12.30000,1.60000,2.77500,9.61250,-0.00235,0.59059,-0.10471,normal
12.32000,1.52667,1.96000,9.28000,-0.08632,-0.08632,0.10000,normal
12.34000,1.57111,2.22667,9.41333,-0.06526,-0.06526,0.10000,normal
12.36000,1.61556,2.49333,9.54667,-0.04421,-0.04421,0.10000,normal
12.38000,1.66000,2.76000,9.68000,-0.02316,-0.02316,0.10000,normal
12.40000,1.96667,2.60000,9.66667,-0.00211,-0.00211,0.10000,normal
12.42000,1.42000,2.51333,9.47333,0.10000,-0.01263,0.08737,normal
12.44000,1.62000,2.53556,9.42889,0.10000,-0.03368,0.06632,normal
12.46000,1.82000,2.55778,9.38444,0.10000,-0.05474,0.04526,normal
12.48000,2.02000,2.58000,9.34000,0.10000,-0.07579,0.02421,normal
12.50000,2.02857,2.85714,9.30000,0.10000,-0.09684,0.00316,normal
12.52000,1.83820,2.02472,9.40000,-0.29020,0.00980,0.00980,normal
12.54000,1.72584,2.06966,9.40000,-0.27059,0.02941,0.02941,normal
12.56000,1.61348,2.11461,9.40000,-0.25098,0.04902,0.04902,normal
12.58000,1.50112,2.15955,9.40000,-0.23137,0.06863,0.06863,normal
12.60000,2.13333,2.80000,9.53333,-0.21176,0.08824,0.08824,normal
12.62000,1.70000,1.41429,8.53571,-0.19750,0.20000,-0.20000,normal
12.64000,1.70000,1.79524,8.65476,-0.14750,0.20000,-0.20000,normal
12.66000,1.70000,2.17619,8.77381,-0.09750,0.20000,-0.20000,normal
12.68000,1.70000,2.55714,8.89286,-0.04750,0.20000,-0.20000,normal
12.70000,2.45000,2.30000,9.50000,0.02857,0.14286,-0.18571,normal
12.72000,3.64783,3.14891,9.75326,0.41798,0.04494,-0.02697,normal
12.74000,2.77826,3.21413,9.55761,0.46292,0.15730,-0.09438,normal
12.76000,1.90870,3.27935,9.36196,0.50787,0.26966,-0.16180,normal
12.78000,1.03913,3.34457,9.16630,0.55281,0.38202,-0.22921,normal
12.80000,1.57500,3.32500,9.22500,0.59775,0.49438,-0.29663,normal
12.82000,2.28222,2.57111,9.70000,0.11364,0.52727,0.02727,normal
12.84000,1.79333,2.52667,9.70000,0.13636,0.57273,0.07273,normal
12.86000,1.30444,2.48222,9.70000,0.15909,0.61818,0.11818,normal
12.88000,0.81556,2.43778,9.70000,0.18182,0.66364,0.16364,normal
12.90000,2.80000,3.10000,9.90000,0.12500,0.88750,0.18750,normal
12.92000,-0.96875,3.63750,8.15000,0.00000,0.73878,0.10000,normal
12.94000,-0.82292,3.67917,8.31667,0.00000,0.63673,0.10000,normal
12.96000,-0.67708,3.72083,8.48333,0.00000,0.53469,0.10000,normal
12.98000,-0.53125,3.76250,8.65000,0.00000,0.43265,0.10000,normal
13.00000,0.10000,3.07500,9.67500,0.00000,0.33061,0.10000,normal
13.02000,0.59247,3.29677,9.40860,0.06000,-0.80000,0.44000,normal
13.04000,1.32366,3.03871,9.43011,-0.11558,-0.73766,0.12208,normal
13.06000,2.05484,2.78065,9.45161,-0.14156,-0.63377,-0.00779,normal
13.08000,2.78602,2.52258,9.47312,-0.16753,-0.52987,-0.13766,normal
13.10000,3.51720,2.26452,9.49462,-0.19351,-0.42597,-0.26753,normal
13.12000,0.53721,2.87558,8.31977,0.10000,-2.18068,-0.55455,normal
13.14000,2.39767,2.15465,8.80814,0.10000,-1.70341,-0.37273,normal
13.16000,4.25814,1.43372,9.29651,0.10000,-1.22614,-0.19091,normal
13.18000,6.11860,0.71279,9.78488,0.10000,-0.74886,-0.00909,normal
13.20000,0.70000,1.93750,8.87500,0.10000,-0.27159,0.17273,normal
13.22000,0.71250,2.88750,9.63750,-0.18969,-0.17938,0.00000,normal
13.24000,1.09886,2.68295,9.70568,-0.16907,-0.13814,0.00000,normal
13.26000,1.48523,2.47841,9.77386,-0.14845,-0.09691,0.00000,normal
13.28000,1.87159,2.27386,9.84205,-0.12784,-0.05567,0.00000,normal
13.30000,1.87000,2.07000,9.75000,-0.10722,-0.01443,0.00000,normal
13.32000,2.52500,3.03333,9.01667,-0.01505,0.10000,0.00000,normal
13.34000,2.31071,3.12857,9.06429,-0.05806,0.10000,0.00000,normal
13.36000,2.09643,3.22381,9.11190,-0.10108,0.10000,0.00000,normal
13.38000,1.88214,3.31905,9.15952,-0.14409,0.10000,0.00000,normal
13.40000,0.39091,2.82727,9.77273,-0.18710,0.10000,0.00000,normal
13.42000,0.84884,2.82093,9.46512,0.30000,0.30000,-0.10000,normal
13.44000,1.22093,3.12326,9.62791,0.28492,0.11508,-0.10000,normal
13.46000,1.59302,3.42558,9.79070,0.26905,0.13095,-0.10000,normal
13.48000,1.96512,3.72791,9.95349,0.25317,0.14683,-0.10000,normal
13.50000,2.26667,3.91429,10.09524,0.23730,0.16270,-0.10000,normal
13.52000,1.93333,3.05714,10.04762,0.22143,0.17857,-0.10000,normal
13.54000,1.60000,2.20000,10.00000,0.20556,0.19444,-0.10000,normal
13.56000,-1.14400,3.51200,8.61200,0.37736,0.50943,0.66604,normal
13.58000,-0.98400,3.83200,8.93200,0.30189,0.20755,0.55283,normal
13.60000,-0.82400,4.15200,9.25200,0.22642,-0.09434,0.43962,normal
13.62000,-0.97765,3.67412,9.07412,-0.00964,0.00482,-0.00964,normal
13.64000,-0.34235,3.88588,9.28588,-0.05783,0.02892,-0.05783,normal
13.66000,0.29294,4.09765,9.49765,-0.10602,0.05301,-0.10602,normal
13.68000,0.92824,4.30941,9.70941,-0.15422,0.07711,-0.15422,normal
13.70000,3.80000,4.30000,9.40000,-0.25000,0.20000,-0.30000,normal
13.72000,-0.70109,2.50217,9.74891,-0.66111,-1.90926,-0.23889,normal
13.74000,0.36413,2.37174,9.81413,-0.60556,-1.77963,-0.29444,normal
13.76000,1.42935,2.24130,9.87935,-0.55000,-1.65000,-0.35000,normal
13.78000,2.49457,2.11087,9.94457,-0.49444,-1.52037,-0.40556,normal
13.80000,5.15000,1.80000,9.56667,-0.43889,-1.39074,-0.46111,normal
13.82000,2.90000,2.30000,8.90000,-0.07273,-0.50000,0.03636,normal
13.84000,2.38718,2.17179,9.02821,-0.18312,-0.41558,0.06623,normal
13.86000,1.87436,2.04359,9.15641,-0.15714,-0.28571,0.01429,normal
13.88000,1.36154,1.91538,9.28462,-0.13117,-0.15584,-0.03766,normal
13.90000,1.85556,2.72222,9.80000,-0.10519,-0.02597,-0.08961,normal
13.92000,1.81494,2.08046,9.12299,0.10690,-0.30000,-0.10000,normal
13.94000,2.04483,2.24138,9.16897,0.12989,-0.30000,-0.10000,normal
13.96000,2.27471,2.40230,9.21494,0.15287,-0.30000,-0.10000,normal
13.98000,2.50460,2.56322,9.26092,0.17586,-0.30000,-0.10000,normal
14.00000,1.26667,3.71667,9.06667,0.19885,-0.30000,-0.10000,normal
14.02000,2.28556,2.42889,9.79889,-0.08966,-0.08966,-0.20000,normal
14.04000,2.26333,2.47333,9.64333,-0.06667,-0.06667,-0.20000,normal
14.06000,2.24111,2.51778,9.48778,-0.04368,-0.04368,-0.20000,normal
14.08000,2.21889,2.56222,9.33222,-0.02069,-0.02069,-0.20000,normal
14.10000,1.63333,2.66667,9.06667,0.10000,-0.05000,0.00000,normal
